Corner,In0,In1,In2,In3,In4,In5,In6,In7,cmn018_assp_v1d3_usage_298K.scs,Pass/Fail,VGS1,VGS2,Sensorout0,Sensorout1,v /VGS1; dc (V),v /VGS2; dc (V),v /SENSOROUT0; dc (V),v /SENSOROUT1; dc (V),IN_3,OUT1,OUT2,OUT3,OUT4
298K_0,0,0,0,0,0,0,0,0,tt_lib,,339.9e-3,274.3e-3,469e-3,324.1e-3,eval err,eval err,eval err,eval err,0,eval err,eval err,eval err,eval err
298K_1,1.8,0,0,0,0,0,0,0,tt_lib,,339.9e-3,274.3e-3,469.5e-3,324.6e-3,eval err,eval err,eval err,eval err,0,eval err,eval err,eval err,eval err
298K_2,0,1.8,0,0,0,0,0,0,tt_lib,,339.9e-3,274.3e-3,470e-3,325.1e-3,eval err,eval err,eval err,eval err,0,eval err,eval err,eval err,eval err
298K_3,1.8,1.8,0,0,0,0,0,0,tt_lib,,339.9e-3,274.3e-3,470.5e-3,325.6e-3,eval err,eval err,eval err,eval err,0,eval err,eval err,eval err,eval err
298K_4,0,0,1.8,0,0,0,0,0,tt_lib,,339.9e-3,274.3e-3,471e-3,326.1e-3,eval err,eval err,eval err,eval err,0,eval err,eval err,eval err,eval err
298K_5,1.8,0,1.8,0,0,0,0,0,tt_lib,,339.9e-3,274.3e-3,471.5e-3,326.6e-3,eval err,eval err,eval err,eval err,0,eval err,eval err,eval err,eval err
298K_6,0,1.8,1.8,0,0,0,0,0,tt_lib,,339.9e-3,274.3e-3,472e-3,327.1e-3,eval err,eval err,eval err,eval err,0,eval err,eval err,eval err,eval err
298K_7,1.8,1.8,1.8,0,0,0,0,0,tt_lib,,339.9e-3,274.3e-3,472.5e-3,327.6e-3,eval err,eval err,eval err,eval err,0,eval err,eval err,eval err,eval err
298K_8,0,0,0,1.8,0,0,0,0,tt_lib,,339.9e-3,274.3e-3,473e-3,328.1e-3,eval err,eval err,eval err,eval err,1.8,eval err,eval err,eval err,eval err
298K_9,1.8,0,0,1.8,0,0,0,0,tt_lib,,339.9e-3,274.3e-3,473.5e-3,328.6e-3,eval err,eval err,eval err,eval err,1.8,eval err,eval err,eval err,eval err
298K_10,0,1.8,0,1.8,0,0,0,0,tt_lib,,339.9e-3,274.3e-3,474e-3,329.1e-3,eval err,eval err,eval err,eval err,1.8,eval err,eval err,eval err,eval err
298K_11,1.8,1.8,0,1.8,0,0,0,0,tt_lib,,339.9e-3,274.3e-3,474.5e-3,329.6e-3,eval err,eval err,eval err,eval err,1.8,eval err,eval err,eval err,eval err
298K_12,0,0,1.8,1.8,0,0,0,0,tt_lib,,339.9e-3,274.3e-3,475e-3,330.1e-3,eval err,eval err,eval err,eval err,1.8,eval err,eval err,eval err,eval err
298K_13,1.8,0,1.8,1.8,0,0,0,0,tt_lib,,339.9e-3,274.3e-3,475.5e-3,330.6e-3,eval err,eval err,eval err,eval err,1.8,eval err,eval err,eval err,eval err
298K_14,0,1.8,1.8,1.8,0,0,0,0,tt_lib,,339.9e-3,274.3e-3,476e-3,331.1e-3,eval err,eval err,eval err,eval err,1.8,eval err,eval err,eval err,eval err
298K_15,1.8,1.8,1.8,1.8,0,0,0,0,tt_lib,,339.9e-3,274.3e-3,476.5e-3,331.6e-3,eval err,eval err,eval err,eval err,1.8,eval err,eval err,eval err,eval err
298K_16,0,0,0,0,1.8,0,0,0,tt_lib,,339.9e-3,274.3e-3,477e-3,332.2e-3,eval err,eval err,eval err,eval err,0,eval err,eval err,eval err,eval err
298K_17,1.8,0,0,0,1.8,0,0,0,tt_lib,,339.9e-3,274.3e-3,477.5e-3,332.7e-3,eval err,eval err,eval err,eval err,0,eval err,eval err,eval err,eval err
298K_18,0,1.8,0,0,1.8,0,0,0,tt_lib,,339.9e-3,274.3e-3,478e-3,333.2e-3,eval err,eval err,eval err,eval err,0,eval err,eval err,eval err,eval err
298K_19,1.8,1.8,0,0,1.8,0,0,0,tt_lib,,339.9e-3,274.3e-3,478.5e-3,333.7e-3,eval err,eval err,eval err,eval err,0,eval err,eval err,eval err,eval err
298K_20,0,0,1.8,0,1.8,0,0,0,tt_lib,,339.9e-3,274.3e-3,479e-3,334.2e-3,eval err,eval err,eval err,eval err,0,eval err,eval err,eval err,eval err
298K_21,1.8,0,1.8,0,1.8,0,0,0,tt_lib,,339.9e-3,274.3e-3,479.5e-3,334.7e-3,eval err,eval err,eval err,eval err,0,eval err,eval err,eval err,eval err
298K_22,0,1.8,1.8,0,1.8,0,0,0,tt_lib,,339.9e-3,274.3e-3,480e-3,335.2e-3,eval err,eval err,eval err,eval err,0,eval err,eval err,eval err,eval err
298K_23,1.8,1.8,1.8,0,1.8,0,0,0,tt_lib,,339.9e-3,274.3e-3,480.5e-3,335.7e-3,eval err,eval err,eval err,eval err,0,eval err,eval err,eval err,eval err
298K_24,0,0,0,1.8,1.8,0,0,0,tt_lib,,339.9e-3,274.3e-3,481e-3,336.2e-3,eval err,eval err,eval err,eval err,1.8,eval err,eval err,eval err,eval err
298K_25,1.8,0,0,1.8,1.8,0,0,0,tt_lib,,339.9e-3,274.3e-3,481.5e-3,336.7e-3,eval err,eval err,eval err,eval err,1.8,eval err,eval err,eval err,eval err
298K_26,0,1.8,0,1.8,1.8,0,0,0,tt_lib,,339.9e-3,274.3e-3,482e-3,337.2e-3,eval err,eval err,eval err,eval err,1.8,eval err,eval err,eval err,eval err
298K_27,1.8,1.8,0,1.8,1.8,0,0,0,tt_lib,,339.9e-3,274.3e-3,482.5e-3,337.7e-3,eval err,eval err,eval err,eval err,1.8,eval err,eval err,eval err,eval err
298K_28,0,0,1.8,1.8,1.8,0,0,0,tt_lib,,339.9e-3,274.3e-3,483e-3,338.2e-3,eval err,eval err,eval err,eval err,1.8,eval err,eval err,eval err,eval err
298K_29,1.8,0,1.8,1.8,1.8,0,0,0,tt_lib,,339.9e-3,274.3e-3,483.5e-3,338.7e-3,eval err,eval err,eval err,eval err,1.8,eval err,eval err,eval err,eval err
298K_30,0,1.8,1.8,1.8,1.8,0,0,0,tt_lib,,339.9e-3,274.3e-3,484e-3,339.2e-3,eval err,eval err,eval err,eval err,1.8,eval err,eval err,eval err,eval err
298K_31,1.8,1.8,1.8,1.8,1.8,0,0,0,tt_lib,,339.9e-3,274.3e-3,484.5e-3,339.7e-3,eval err,eval err,eval err,eval err,1.8,eval err,eval err,eval err,eval err
298K_32,0,0,0,0,0,1.8,0,0,tt_lib,,339.9e-3,274.3e-3,485e-3,340.2e-3,eval err,eval err,eval err,eval err,0,eval err,eval err,eval err,eval err
298K_33,1.8,0,0,0,0,1.8,0,0,tt_lib,,339.9e-3,274.3e-3,485.5e-3,340.7e-3,eval err,eval err,eval err,eval err,0,eval err,eval err,eval err,eval err
298K_34,0,1.8,0,0,0,1.8,0,0,tt_lib,,339.9e-3,274.3e-3,486e-3,341.2e-3,eval err,eval err,eval err,eval err,0,eval err,eval err,eval err,eval err
298K_35,1.8,1.8,0,0,0,1.8,0,0,tt_lib,,339.9e-3,274.3e-3,486.5e-3,341.7e-3,eval err,eval err,eval err,eval err,0,eval err,eval err,eval err,eval err
298K_36,0,0,1.8,0,0,1.8,0,0,tt_lib,,339.9e-3,274.3e-3,487e-3,342.2e-3,eval err,eval err,eval err,eval err,0,eval err,eval err,eval err,eval err
298K_37,1.8,0,1.8,0,0,1.8,0,0,tt_lib,,339.9e-3,274.3e-3,487.5e-3,342.7e-3,eval err,eval err,eval err,eval err,0,eval err,eval err,eval err,eval err
298K_38,0,1.8,1.8,0,0,1.8,0,0,tt_lib,,339.9e-3,274.3e-3,488e-3,343.2e-3,eval err,eval err,eval err,eval err,0,eval err,eval err,eval err,eval err
298K_39,1.8,1.8,1.8,0,0,1.8,0,0,tt_lib,,339.9e-3,274.3e-3,488.5e-3,343.7e-3,eval err,eval err,eval err,eval err,0,eval err,eval err,eval err,eval err
298K_40,0,0,0,1.8,0,1.8,0,0,tt_lib,,339.9e-3,274.3e-3,489e-3,344.3e-3,eval err,eval err,eval err,eval err,1.8,eval err,eval err,eval err,eval err
298K_41,1.8,0,0,1.8,0,1.8,0,0,tt_lib,,339.9e-3,274.3e-3,489.5e-3,344.8e-3,eval err,eval err,eval err,eval err,1.8,eval err,eval err,eval err,eval err
298K_42,0,1.8,0,1.8,0,1.8,0,0,tt_lib,,339.9e-3,274.3e-3,490e-3,345.3e-3,eval err,eval err,eval err,eval err,1.8,eval err,eval err,eval err,eval err
298K_43,1.8,1.8,0,1.8,0,1.8,0,0,tt_lib,,339.9e-3,274.3e-3,490.5e-3,345.8e-3,eval err,eval err,eval err,eval err,1.8,eval err,eval err,eval err,eval err
298K_44,0,0,1.8,1.8,0,1.8,0,0,tt_lib,,339.9e-3,274.3e-3,491e-3,346.3e-3,eval err,eval err,eval err,eval err,1.8,eval err,eval err,eval err,eval err
298K_45,1.8,0,1.8,1.8,0,1.8,0,0,tt_lib,,339.9e-3,274.3e-3,491.5e-3,346.8e-3,eval err,eval err,eval err,eval err,1.8,eval err,eval err,eval err,eval err
298K_46,0,1.8,1.8,1.8,0,1.8,0,0,tt_lib,,339.9e-3,274.3e-3,492e-3,347.3e-3,eval err,eval err,eval err,eval err,1.8,eval err,eval err,eval err,eval err
298K_47,1.8,1.8,1.8,1.8,0,1.8,0,0,tt_lib,,339.9e-3,274.3e-3,492.5e-3,347.8e-3,eval err,eval err,eval err,eval err,1.8,eval err,eval err,eval err,eval err
298K_48,0,0,0,0,1.8,1.8,0,0,tt_lib,,339.9e-3,274.3e-3,493e-3,348.3e-3,eval err,eval err,eval err,eval err,0,eval err,eval err,eval err,eval err
298K_49,1.8,0,0,0,1.8,1.8,0,0,tt_lib,,339.9e-3,274.3e-3,493.5e-3,348.8e-3,eval err,eval err,eval err,eval err,0,eval err,eval err,eval err,eval err
298K_50,0,1.8,0,0,1.8,1.8,0,0,tt_lib,,339.9e-3,274.3e-3,494e-3,349.3e-3,eval err,eval err,eval err,eval err,0,eval err,eval err,eval err,eval err
298K_51,1.8,1.8,0,0,1.8,1.8,0,0,tt_lib,,339.9e-3,274.3e-3,494.5e-3,349.8e-3,eval err,eval err,eval err,eval err,0,eval err,eval err,eval err,eval err
298K_52,0,0,1.8,0,1.8,1.8,0,0,tt_lib,,339.9e-3,274.3e-3,495e-3,350.3e-3,eval err,eval err,eval err,eval err,0,eval err,eval err,eval err,eval err
298K_53,1.8,0,1.8,0,1.8,1.8,0,0,tt_lib,,339.9e-3,274.3e-3,495.5e-3,350.8e-3,eval err,eval err,eval err,eval err,0,eval err,eval err,eval err,eval err
298K_54,0,1.8,1.8,0,1.8,1.8,0,0,tt_lib,,339.9e-3,274.3e-3,496e-3,351.3e-3,eval err,eval err,eval err,eval err,0,eval err,eval err,eval err,eval err
298K_55,1.8,1.8,1.8,0,1.8,1.8,0,0,tt_lib,,339.9e-3,274.3e-3,496.5e-3,351.8e-3,eval err,eval err,eval err,eval err,0,eval err,eval err,eval err,eval err
298K_56,0,0,0,1.8,1.8,1.8,0,0,tt_lib,,339.9e-3,274.3e-3,497.1e-3,352.3e-3,eval err,eval err,eval err,eval err,1.8,eval err,eval err,eval err,eval err
298K_57,1.8,0,0,1.8,1.8,1.8,0,0,tt_lib,,339.9e-3,274.3e-3,497.5e-3,352.8e-3,eval err,eval err,eval err,eval err,1.8,eval err,eval err,eval err,eval err
298K_58,0,1.8,0,1.8,1.8,1.8,0,0,tt_lib,,339.9e-3,274.3e-3,498e-3,353.3e-3,eval err,eval err,eval err,eval err,1.8,eval err,eval err,eval err,eval err
298K_59,1.8,1.8,0,1.8,1.8,1.8,0,0,tt_lib,,339.9e-3,274.3e-3,498.5e-3,353.8e-3,eval err,eval err,eval err,eval err,1.8,eval err,eval err,eval err,eval err
298K_60,0,0,1.8,1.8,1.8,1.8,0,0,tt_lib,,339.9e-3,274.3e-3,499.1e-3,354.3e-3,eval err,eval err,eval err,eval err,1.8,eval err,eval err,eval err,eval err
298K_61,1.8,0,1.8,1.8,1.8,1.8,0,0,tt_lib,,339.9e-3,274.3e-3,499.5e-3,354.8e-3,eval err,eval err,eval err,eval err,1.8,eval err,eval err,eval err,eval err
298K_62,0,1.8,1.8,1.8,1.8,1.8,0,0,tt_lib,,339.9e-3,274.3e-3,500e-3,355.3e-3,eval err,eval err,eval err,eval err,1.8,eval err,eval err,eval err,eval err
298K_63,1.8,1.8,1.8,1.8,1.8,1.8,0,0,tt_lib,,339.9e-3,274.3e-3,500.5e-3,355.8e-3,eval err,eval err,eval err,eval err,1.8,eval err,eval err,eval err,eval err
298K_64,0,0,0,0,0,0,1.8,0,tt_lib,,339.9e-3,274.3e-3,501.1e-3,356.4e-3,eval err,eval err,eval err,eval err,0,eval err,eval err,eval err,eval err
298K_65,1.8,0,0,0,0,0,1.8,0,tt_lib,,339.9e-3,274.3e-3,501.6e-3,356.8e-3,eval err,eval err,eval err,eval err,0,eval err,eval err,eval err,eval err
298K_66,0,1.8,0,0,0,0,1.8,0,tt_lib,,339.9e-3,274.3e-3,502.1e-3,357.4e-3,eval err,eval err,eval err,eval err,0,eval err,eval err,eval err,eval err
298K_67,1.8,1.8,0,0,0,0,1.8,0,tt_lib,,339.9e-3,274.3e-3,502.6e-3,357.9e-3,eval err,eval err,eval err,eval err,0,eval err,eval err,eval err,eval err
298K_68,0,0,1.8,0,0,0,1.8,0,tt_lib,,339.9e-3,274.3e-3,503.1e-3,358.4e-3,eval err,eval err,eval err,eval err,0,eval err,eval err,eval err,eval err
298K_69,1.8,0,1.8,0,0,0,1.8,0,tt_lib,,339.9e-3,274.3e-3,503.6e-3,358.9e-3,eval err,eval err,eval err,eval err,0,eval err,eval err,eval err,eval err
298K_70,0,1.8,1.8,0,0,0,1.8,0,tt_lib,,339.9e-3,274.3e-3,504.1e-3,359.4e-3,eval err,eval err,eval err,eval err,0,eval err,eval err,eval err,eval err
298K_71,1.8,1.8,1.8,0,0,0,1.8,0,tt_lib,,339.9e-3,274.3e-3,504.6e-3,359.9e-3,eval err,eval err,eval err,eval err,0,eval err,eval err,eval err,eval err
298K_72,0,0,0,1.8,0,0,1.8,0,tt_lib,,339.9e-3,274.3e-3,505.1e-3,360.4e-3,eval err,eval err,eval err,eval err,1.8,eval err,eval err,eval err,eval err
298K_73,1.8,0,0,1.8,0,0,1.8,0,tt_lib,,339.9e-3,274.3e-3,505.6e-3,360.9e-3,eval err,eval err,eval err,eval err,1.8,eval err,eval err,eval err,eval err
298K_74,0,1.8,0,1.8,0,0,1.8,0,tt_lib,,339.9e-3,274.3e-3,506.1e-3,361.4e-3,eval err,eval err,eval err,eval err,1.8,eval err,eval err,eval err,eval err
298K_75,1.8,1.8,0,1.8,0,0,1.8,0,tt_lib,,339.9e-3,274.3e-3,506.6e-3,361.9e-3,eval err,eval err,eval err,eval err,1.8,eval err,eval err,eval err,eval err
298K_76,0,0,1.8,1.8,0,0,1.8,0,tt_lib,,339.9e-3,274.3e-3,507.1e-3,362.4e-3,eval err,eval err,eval err,eval err,1.8,eval err,eval err,eval err,eval err
298K_77,1.8,0,1.8,1.8,0,0,1.8,0,tt_lib,,339.9e-3,274.3e-3,507.6e-3,362.9e-3,eval err,eval err,eval err,eval err,1.8,eval err,eval err,eval err,eval err
298K_78,0,1.8,1.8,1.8,0,0,1.8,0,tt_lib,,339.9e-3,274.3e-3,508.1e-3,363.4e-3,eval err,eval err,eval err,eval err,1.8,eval err,eval err,eval err,eval err
298K_79,1.8,1.8,1.8,1.8,0,0,1.8,0,tt_lib,,339.9e-3,274.3e-3,508.6e-3,363.9e-3,eval err,eval err,eval err,eval err,1.8,eval err,eval err,eval err,eval err
298K_80,0,0,0,0,1.8,0,1.8,0,tt_lib,,339.9e-3,274.3e-3,509.1e-3,364.4e-3,eval err,eval err,eval err,eval err,0,eval err,eval err,eval err,eval err
298K_81,1.8,0,0,0,1.8,0,1.8,0,tt_lib,,339.9e-3,274.3e-3,509.6e-3,364.9e-3,eval err,eval err,eval err,eval err,0,eval err,eval err,eval err,eval err
298K_82,0,1.8,0,0,1.8,0,1.8,0,tt_lib,,339.9e-3,274.3e-3,510.1e-3,365.4e-3,eval err,eval err,eval err,eval err,0,eval err,eval err,eval err,eval err
298K_83,1.8,1.8,0,0,1.8,0,1.8,0,tt_lib,,339.9e-3,274.3e-3,510.6e-3,365.9e-3,eval err,eval err,eval err,eval err,0,eval err,eval err,eval err,eval err
298K_84,0,0,1.8,0,1.8,0,1.8,0,tt_lib,,339.9e-3,274.3e-3,511.1e-3,366.4e-3,eval err,eval err,eval err,eval err,0,eval err,eval err,eval err,eval err
298K_85,1.8,0,1.8,0,1.8,0,1.8,0,tt_lib,,339.9e-3,274.3e-3,511.6e-3,366.9e-3,eval err,eval err,eval err,eval err,0,eval err,eval err,eval err,eval err
298K_86,0,1.8,1.8,0,1.8,0,1.8,0,tt_lib,,339.9e-3,274.3e-3,512.1e-3,367.4e-3,eval err,eval err,eval err,eval err,0,eval err,eval err,eval err,eval err
298K_87,1.8,1.8,1.8,0,1.8,0,1.8,0,tt_lib,,339.9e-3,274.3e-3,512.6e-3,367.9e-3,eval err,eval err,eval err,eval err,0,eval err,eval err,eval err,eval err
298K_88,0,0,0,1.8,1.8,0,1.8,0,tt_lib,,339.9e-3,274.3e-3,513.1e-3,368.4e-3,eval err,eval err,eval err,eval err,1.8,eval err,eval err,eval err,eval err
298K_89,1.8,0,0,1.8,1.8,0,1.8,0,tt_lib,,339.9e-3,274.3e-3,513.6e-3,368.9e-3,eval err,eval err,eval err,eval err,1.8,eval err,eval err,eval err,eval err
298K_90,0,1.8,0,1.8,1.8,0,1.8,0,tt_lib,,339.9e-3,274.3e-3,514.1e-3,369.4e-3,eval err,eval err,eval err,eval err,1.8,eval err,eval err,eval err,eval err
298K_91,1.8,1.8,0,1.8,1.8,0,1.8,0,tt_lib,,339.9e-3,274.3e-3,514.6e-3,369.9e-3,eval err,eval err,eval err,eval err,1.8,eval err,eval err,eval err,eval err
298K_92,0,0,1.8,1.8,1.8,0,1.8,0,tt_lib,,339.9e-3,274.3e-3,515.1e-3,370.4e-3,eval err,eval err,eval err,eval err,1.8,eval err,eval err,eval err,eval err
298K_93,1.8,0,1.8,1.8,1.8,0,1.8,0,tt_lib,,339.9e-3,274.3e-3,515.6e-3,370.9e-3,eval err,eval err,eval err,eval err,1.8,eval err,eval err,eval err,eval err
298K_94,0,1.8,1.8,1.8,1.8,0,1.8,0,tt_lib,,339.9e-3,274.3e-3,516.1e-3,371.4e-3,eval err,eval err,eval err,eval err,1.8,eval err,eval err,eval err,eval err
298K_95,1.8,1.8,1.8,1.8,1.8,0,1.8,0,tt_lib,,339.9e-3,274.3e-3,516.6e-3,371.9e-3,eval err,eval err,eval err,eval err,1.8,eval err,eval err,eval err,eval err
298K_96,0,0,0,0,0,1.8,1.8,0,tt_lib,,339.9e-3,274.3e-3,517.1e-3,372.5e-3,eval err,eval err,eval err,eval err,0,eval err,eval err,eval err,eval err
298K_97,1.8,0,0,0,0,1.8,1.8,0,tt_lib,,339.9e-3,274.3e-3,517.6e-3,373e-3,eval err,eval err,eval err,eval err,0,eval err,eval err,eval err,eval err
298K_98,0,1.8,0,0,0,1.8,1.8,0,tt_lib,,339.9e-3,274.3e-3,518.1e-3,373.5e-3,eval err,eval err,eval err,eval err,0,eval err,eval err,eval err,eval err
298K_99,1.8,1.8,0,0,0,1.8,1.8,0,tt_lib,,339.9e-3,274.3e-3,518.6e-3,374e-3,eval err,eval err,eval err,eval err,0,eval err,eval err,eval err,eval err
298K_100,0,0,1.8,0,0,1.8,1.8,0,tt_lib,,339.9e-3,274.3e-3,519.1e-3,374.5e-3,eval err,eval err,eval err,eval err,0,eval err,eval err,eval err,eval err
298K_101,1.8,0,1.8,0,0,1.8,1.8,0,tt_lib,,339.9e-3,274.3e-3,519.6e-3,375e-3,eval err,eval err,eval err,eval err,0,eval err,eval err,eval err,eval err
298K_102,0,1.8,1.8,0,0,1.8,1.8,0,tt_lib,,339.9e-3,274.3e-3,520.1e-3,375.5e-3,eval err,eval err,eval err,eval err,0,eval err,eval err,eval err,eval err
298K_103,1.8,1.8,1.8,0,0,1.8,1.8,0,tt_lib,,339.9e-3,274.3e-3,520.6e-3,376e-3,eval err,eval err,eval err,eval err,0,eval err,eval err,eval err,eval err
298K_104,0,0,0,1.8,0,1.8,1.8,0,tt_lib,,339.9e-3,274.3e-3,521.1e-3,376.5e-3,eval err,eval err,eval err,eval err,1.8,eval err,eval err,eval err,eval err
298K_105,1.8,0,0,1.8,0,1.8,1.8,0,tt_lib,,339.9e-3,274.3e-3,521.6e-3,377e-3,eval err,eval err,eval err,eval err,1.8,eval err,eval err,eval err,eval err
298K_106,0,1.8,0,1.8,0,1.8,1.8,0,tt_lib,,339.9e-3,274.3e-3,522.1e-3,377.5e-3,eval err,eval err,eval err,eval err,1.8,eval err,eval err,eval err,eval err
298K_107,1.8,1.8,0,1.8,0,1.8,1.8,0,tt_lib,,339.9e-3,274.3e-3,522.6e-3,378e-3,eval err,eval err,eval err,eval err,1.8,eval err,eval err,eval err,eval err
298K_108,0,0,1.8,1.8,0,1.8,1.8,0,tt_lib,,339.9e-3,274.3e-3,523.1e-3,378.5e-3,eval err,eval err,eval err,eval err,1.8,eval err,eval err,eval err,eval err
298K_109,1.8,0,1.8,1.8,0,1.8,1.8,0,tt_lib,,339.9e-3,274.3e-3,523.6e-3,379e-3,eval err,eval err,eval err,eval err,1.8,eval err,eval err,eval err,eval err
298K_110,0,1.8,1.8,1.8,0,1.8,1.8,0,tt_lib,,339.9e-3,274.3e-3,524.1e-3,379.5e-3,eval err,eval err,eval err,eval err,1.8,eval err,eval err,eval err,eval err
298K_111,1.8,1.8,1.8,1.8,0,1.8,1.8,0,tt_lib,,339.9e-3,274.3e-3,524.6e-3,380e-3,eval err,eval err,eval err,eval err,1.8,eval err,eval err,eval err,eval err
298K_112,0,0,0,0,1.8,1.8,1.8,0,tt_lib,,339.9e-3,274.3e-3,525.1e-3,380.5e-3,eval err,eval err,eval err,eval err,0,eval err,eval err,eval err,eval err
298K_113,1.8,0,0,0,1.8,1.8,1.8,0,tt_lib,,339.9e-3,274.3e-3,525.6e-3,381e-3,eval err,eval err,eval err,eval err,0,eval err,eval err,eval err,eval err
298K_114,0,1.8,0,0,1.8,1.8,1.8,0,tt_lib,,339.9e-3,274.3e-3,526.1e-3,381.5e-3,eval err,eval err,eval err,eval err,0,eval err,eval err,eval err,eval err
298K_115,1.8,1.8,0,0,1.8,1.8,1.8,0,tt_lib,,339.9e-3,274.3e-3,526.6e-3,382e-3,eval err,eval err,eval err,eval err,0,eval err,eval err,eval err,eval err
298K_116,0,0,1.8,0,1.8,1.8,1.8,0,tt_lib,,339.9e-3,274.3e-3,527.1e-3,382.5e-3,eval err,eval err,eval err,eval err,0,eval err,eval err,eval err,eval err
298K_117,1.8,0,1.8,0,1.8,1.8,1.8,0,tt_lib,,339.9e-3,274.3e-3,527.6e-3,383e-3,eval err,eval err,eval err,eval err,0,eval err,eval err,eval err,eval err
298K_118,0,1.8,1.8,0,1.8,1.8,1.8,0,tt_lib,,339.9e-3,274.3e-3,528.1e-3,383.5e-3,eval err,eval err,eval err,eval err,0,eval err,eval err,eval err,eval err
298K_119,1.8,1.8,1.8,0,1.8,1.8,1.8,0,tt_lib,,339.9e-3,274.3e-3,528.6e-3,384e-3,eval err,eval err,eval err,eval err,0,eval err,eval err,eval err,eval err
298K_120,0,0,0,1.8,1.8,1.8,1.8,0,tt_lib,,339.9e-3,274.3e-3,529.1e-3,384.5e-3,eval err,eval err,eval err,eval err,1.8,eval err,eval err,eval err,eval err
298K_121,1.8,0,0,1.8,1.8,1.8,1.8,0,tt_lib,,339.9e-3,274.3e-3,529.6e-3,385e-3,eval err,eval err,eval err,eval err,1.8,eval err,eval err,eval err,eval err
298K_122,0,1.8,0,1.8,1.8,1.8,1.8,0,tt_lib,,339.9e-3,274.3e-3,530.1e-3,385.5e-3,eval err,eval err,eval err,eval err,1.8,eval err,eval err,eval err,eval err
298K_123,1.8,1.8,0,1.8,1.8,1.8,1.8,0,tt_lib,,339.9e-3,274.3e-3,530.6e-3,386e-3,eval err,eval err,eval err,eval err,1.8,eval err,eval err,eval err,eval err
298K_124,0,0,1.8,1.8,1.8,1.8,1.8,0,tt_lib,,339.9e-3,274.3e-3,531.1e-3,386.5e-3,eval err,eval err,eval err,eval err,1.8,eval err,eval err,eval err,eval err
298K_125,1.8,0,1.8,1.8,1.8,1.8,1.8,0,tt_lib,,339.9e-3,274.3e-3,531.6e-3,387e-3,eval err,eval err,eval err,eval err,1.8,eval err,eval err,eval err,eval err
298K_126,0,1.8,1.8,1.8,1.8,1.8,1.8,0,tt_lib,,339.9e-3,274.3e-3,532.1e-3,387.5e-3,eval err,eval err,eval err,eval err,1.8,eval err,eval err,eval err,eval err
298K_127,1.8,1.8,1.8,1.8,1.8,1.8,1.8,0,tt_lib,,339.9e-3,274.3e-3,532.6e-3,388e-3,eval err,eval err,eval err,eval err,1.8,eval err,eval err,eval err,eval err
298K_128,0,0,0,0,0,0,0,1.8,tt_lib,,339.9e-3,274.3e-3,404.7e-3,259.5e-3,eval err,eval err,eval err,eval err,0,eval err,eval err,eval err,eval err
298K_129,1.8,0,0,0,0,0,0,1.8,tt_lib,,339.9e-3,274.3e-3,405.2e-3,260e-3,eval err,eval err,eval err,eval err,0,eval err,eval err,eval err,eval err
298K_130,0,1.8,0,0,0,0,0,1.8,tt_lib,,339.9e-3,274.3e-3,405.7e-3,260.5e-3,eval err,eval err,eval err,eval err,0,eval err,eval err,eval err,eval err
298K_131,1.8,1.8,0,0,0,0,0,1.8,tt_lib,,339.9e-3,274.3e-3,406.2e-3,261e-3,eval err,eval err,eval err,eval err,0,eval err,eval err,eval err,eval err
298K_132,0,0,1.8,0,0,0,0,1.8,tt_lib,,339.9e-3,274.3e-3,406.7e-3,261.5e-3,eval err,eval err,eval err,eval err,0,eval err,eval err,eval err,eval err
298K_133,1.8,0,1.8,0,0,0,0,1.8,tt_lib,,339.9e-3,274.3e-3,407.2e-3,262e-3,eval err,eval err,eval err,eval err,0,eval err,eval err,eval err,eval err
298K_134,0,1.8,1.8,0,0,0,0,1.8,tt_lib,,339.9e-3,274.3e-3,407.7e-3,262.6e-3,eval err,eval err,eval err,eval err,0,eval err,eval err,eval err,eval err
298K_135,1.8,1.8,1.8,0,0,0,0,1.8,tt_lib,,339.9e-3,274.3e-3,408.2e-3,263.1e-3,eval err,eval err,eval err,eval err,0,eval err,eval err,eval err,eval err
298K_136,0,0,0,1.8,0,0,0,1.8,tt_lib,,339.9e-3,274.3e-3,408.7e-3,263.6e-3,eval err,eval err,eval err,eval err,1.8,eval err,eval err,eval err,eval err
298K_137,1.8,0,0,1.8,0,0,0,1.8,tt_lib,,339.9e-3,274.3e-3,409.2e-3,264.1e-3,eval err,eval err,eval err,eval err,1.8,eval err,eval err,eval err,eval err
298K_138,0,1.8,0,1.8,0,0,0,1.8,tt_lib,,339.9e-3,274.3e-3,409.7e-3,264.6e-3,eval err,eval err,eval err,eval err,1.8,eval err,eval err,eval err,eval err
298K_139,1.8,1.8,0,1.8,0,0,0,1.8,tt_lib,,339.9e-3,274.3e-3,410.2e-3,265.1e-3,eval err,eval err,eval err,eval err,1.8,eval err,eval err,eval err,eval err
298K_140,0,0,1.8,1.8,0,0,0,1.8,tt_lib,,339.9e-3,274.3e-3,410.7e-3,265.6e-3,eval err,eval err,eval err,eval err,1.8,eval err,eval err,eval err,eval err
298K_141,1.8,0,1.8,1.8,0,0,0,1.8,tt_lib,,339.9e-3,274.3e-3,411.2e-3,266.1e-3,eval err,eval err,eval err,eval err,1.8,eval err,eval err,eval err,eval err
298K_142,0,1.8,1.8,1.8,0,0,0,1.8,tt_lib,,339.9e-3,274.3e-3,411.7e-3,266.6e-3,eval err,eval err,eval err,eval err,1.8,eval err,eval err,eval err,eval err
298K_143,1.8,1.8,1.8,1.8,0,0,0,1.8,tt_lib,,339.9e-3,274.3e-3,412.2e-3,267.1e-3,eval err,eval err,eval err,eval err,1.8,eval err,eval err,eval err,eval err
298K_144,0,0,0,0,1.8,0,0,1.8,tt_lib,,339.9e-3,274.3e-3,412.7e-3,267.6e-3,eval err,eval err,eval err,eval err,0,eval err,eval err,eval err,eval err
298K_145,1.8,0,0,0,1.8,0,0,1.8,tt_lib,,339.9e-3,274.3e-3,413.2e-3,268.1e-3,eval err,eval err,eval err,eval err,0,eval err,eval err,eval err,eval err
298K_146,0,1.8,0,0,1.8,0,0,1.8,tt_lib,,339.9e-3,274.3e-3,413.7e-3,268.6e-3,eval err,eval err,eval err,eval err,0,eval err,eval err,eval err,eval err
298K_147,1.8,1.8,0,0,1.8,0,0,1.8,tt_lib,,339.9e-3,274.3e-3,414.2e-3,269.1e-3,eval err,eval err,eval err,eval err,0,eval err,eval err,eval err,eval err
298K_148,0,0,1.8,0,1.8,0,0,1.8,tt_lib,,339.9e-3,274.3e-3,414.7e-3,269.6e-3,eval err,eval err,eval err,eval err,0,eval err,eval err,eval err,eval err
298K_149,1.8,0,1.8,0,1.8,0,0,1.8,tt_lib,,339.9e-3,274.3e-3,415.2e-3,270.1e-3,eval err,eval err,eval err,eval err,0,eval err,eval err,eval err,eval err
298K_150,0,1.8,1.8,0,1.8,0,0,1.8,tt_lib,,339.9e-3,274.3e-3,415.7e-3,270.6e-3,eval err,eval err,eval err,eval err,0,eval err,eval err,eval err,eval err
298K_151,1.8,1.8,1.8,0,1.8,0,0,1.8,tt_lib,,339.9e-3,274.3e-3,416.2e-3,271.1e-3,eval err,eval err,eval err,eval err,0,eval err,eval err,eval err,eval err
298K_152,0,0,0,1.8,1.8,0,0,1.8,tt_lib,,339.9e-3,274.3e-3,416.7e-3,271.6e-3,eval err,eval err,eval err,eval err,1.8,eval err,eval err,eval err,eval err
298K_153,1.8,0,0,1.8,1.8,0,0,1.8,tt_lib,,339.9e-3,274.3e-3,417.2e-3,272.1e-3,eval err,eval err,eval err,eval err,1.8,eval err,eval err,eval err,eval err
298K_154,0,1.8,0,1.8,1.8,0,0,1.8,tt_lib,,339.9e-3,274.3e-3,417.7e-3,272.6e-3,eval err,eval err,eval err,eval err,1.8,eval err,eval err,eval err,eval err
298K_155,1.8,1.8,0,1.8,1.8,0,0,1.8,tt_lib,,339.9e-3,274.3e-3,418.2e-3,273.1e-3,eval err,eval err,eval err,eval err,1.8,eval err,eval err,eval err,eval err
298K_156,0,0,1.8,1.8,1.8,0,0,1.8,tt_lib,,339.9e-3,274.3e-3,418.7e-3,273.7e-3,eval err,eval err,eval err,eval err,1.8,eval err,eval err,eval err,eval err
298K_157,1.8,0,1.8,1.8,1.8,0,0,1.8,tt_lib,,339.9e-3,274.3e-3,419.2e-3,274.2e-3,eval err,eval err,eval err,eval err,1.8,eval err,eval err,eval err,eval err
298K_158,0,1.8,1.8,1.8,1.8,0,0,1.8,tt_lib,,339.9e-3,274.3e-3,419.7e-3,274.7e-3,eval err,eval err,eval err,eval err,1.8,eval err,eval err,eval err,eval err
298K_159,1.8,1.8,1.8,1.8,1.8,0,0,1.8,tt_lib,,339.9e-3,274.3e-3,420.2e-3,275.2e-3,eval err,eval err,eval err,eval err,1.8,eval err,eval err,eval err,eval err
298K_160,0,0,0,0,0,1.8,0,1.8,tt_lib,,339.9e-3,274.3e-3,420.7e-3,275.7e-3,eval err,eval err,eval err,eval err,0,eval err,eval err,eval err,eval err
298K_161,1.8,0,0,0,0,1.8,0,1.8,tt_lib,,339.9e-3,274.3e-3,421.2e-3,276.2e-3,eval err,eval err,eval err,eval err,0,eval err,eval err,eval err,eval err
298K_162,0,1.8,0,0,0,1.8,0,1.8,tt_lib,,339.9e-3,274.3e-3,421.7e-3,276.7e-3,eval err,eval err,eval err,eval err,0,eval err,eval err,eval err,eval err
298K_163,1.8,1.8,0,0,0,1.8,0,1.8,tt_lib,,339.9e-3,274.3e-3,422.2e-3,277.2e-3,eval err,eval err,eval err,eval err,0,eval err,eval err,eval err,eval err
298K_164,0,0,1.8,0,0,1.8,0,1.8,tt_lib,,339.9e-3,274.3e-3,422.8e-3,277.7e-3,eval err,eval err,eval err,eval err,0,eval err,eval err,eval err,eval err
298K_165,1.8,0,1.8,0,0,1.8,0,1.8,tt_lib,,339.9e-3,274.3e-3,423.2e-3,278.2e-3,eval err,eval err,eval err,eval err,0,eval err,eval err,eval err,eval err
298K_166,0,1.8,1.8,0,0,1.8,0,1.8,tt_lib,,339.9e-3,274.3e-3,423.7e-3,278.7e-3,eval err,eval err,eval err,eval err,0,eval err,eval err,eval err,eval err
298K_167,1.8,1.8,1.8,0,0,1.8,0,1.8,tt_lib,,339.9e-3,274.3e-3,424.2e-3,279.2e-3,eval err,eval err,eval err,eval err,0,eval err,eval err,eval err,eval err
298K_168,0,0,0,1.8,0,1.8,0,1.8,tt_lib,,339.9e-3,274.3e-3,424.8e-3,279.7e-3,eval err,eval err,eval err,eval err,1.8,eval err,eval err,eval err,eval err
298K_169,1.8,0,0,1.8,0,1.8,0,1.8,tt_lib,,339.9e-3,274.3e-3,425.3e-3,280.2e-3,eval err,eval err,eval err,eval err,1.8,eval err,eval err,eval err,eval err
298K_170,0,1.8,0,1.8,0,1.8,0,1.8,tt_lib,,339.9e-3,274.3e-3,425.8e-3,280.7e-3,eval err,eval err,eval err,eval err,1.8,eval err,eval err,eval err,eval err
298K_171,1.8,1.8,0,1.8,0,1.8,0,1.8,tt_lib,,339.9e-3,274.3e-3,426.3e-3,281.2e-3,eval err,eval err,eval err,eval err,1.8,eval err,eval err,eval err,eval err
298K_172,0,0,1.8,1.8,0,1.8,0,1.8,tt_lib,,339.9e-3,274.3e-3,426.8e-3,281.7e-3,eval err,eval err,eval err,eval err,1.8,eval err,eval err,eval err,eval err
298K_173,1.8,0,1.8,1.8,0,1.8,0,1.8,tt_lib,,339.9e-3,274.3e-3,427.3e-3,282.2e-3,eval err,eval err,eval err,eval err,1.8,eval err,eval err,eval err,eval err
298K_174,0,1.8,1.8,1.8,0,1.8,0,1.8,tt_lib,,339.9e-3,274.3e-3,427.8e-3,282.7e-3,eval err,eval err,eval err,eval err,1.8,eval err,eval err,eval err,eval err
298K_175,1.8,1.8,1.8,1.8,0,1.8,0,1.8,tt_lib,,339.9e-3,274.3e-3,428.3e-3,283.2e-3,eval err,eval err,eval err,eval err,1.8,eval err,eval err,eval err,eval err
298K_176,0,0,0,0,1.8,1.8,0,1.8,tt_lib,,339.9e-3,274.3e-3,428.8e-3,283.8e-3,eval err,eval err,eval err,eval err,0,eval err,eval err,eval err,eval err
298K_177,1.8,0,0,0,1.8,1.8,0,1.8,tt_lib,,339.9e-3,274.3e-3,429.3e-3,284.3e-3,eval err,eval err,eval err,eval err,0,eval err,eval err,eval err,eval err
298K_178,0,1.8,0,0,1.8,1.8,0,1.8,tt_lib,,339.9e-3,274.3e-3,429.8e-3,284.8e-3,eval err,eval err,eval err,eval err,0,eval err,eval err,eval err,eval err
298K_179,1.8,1.8,0,0,1.8,1.8,0,1.8,tt_lib,,339.9e-3,274.3e-3,430.3e-3,285.3e-3,eval err,eval err,eval err,eval err,0,eval err,eval err,eval err,eval err
298K_180,0,0,1.8,0,1.8,1.8,0,1.8,tt_lib,,339.9e-3,274.3e-3,430.8e-3,285.8e-3,eval err,eval err,eval err,eval err,0,eval err,eval err,eval err,eval err
298K_181,1.8,0,1.8,0,1.8,1.8,0,1.8,tt_lib,,339.9e-3,274.3e-3,431.3e-3,286.3e-3,eval err,eval err,eval err,eval err,0,eval err,eval err,eval err,eval err
298K_182,0,1.8,1.8,0,1.8,1.8,0,1.8,tt_lib,,339.9e-3,274.3e-3,431.8e-3,286.8e-3,eval err,eval err,eval err,eval err,0,eval err,eval err,eval err,eval err
298K_183,1.8,1.8,1.8,0,1.8,1.8,0,1.8,tt_lib,,339.9e-3,274.3e-3,432.3e-3,287.3e-3,eval err,eval err,eval err,eval err,0,eval err,eval err,eval err,eval err
298K_184,0,0,0,1.8,1.8,1.8,0,1.8,tt_lib,,339.9e-3,274.3e-3,432.8e-3,287.8e-3,eval err,eval err,eval err,eval err,1.8,eval err,eval err,eval err,eval err
298K_185,1.8,0,0,1.8,1.8,1.8,0,1.8,tt_lib,,339.9e-3,274.3e-3,433.3e-3,288.3e-3,eval err,eval err,eval err,eval err,1.8,eval err,eval err,eval err,eval err
298K_186,0,1.8,0,1.8,1.8,1.8,0,1.8,tt_lib,,339.9e-3,274.3e-3,433.8e-3,288.8e-3,eval err,eval err,eval err,eval err,1.8,eval err,eval err,eval err,eval err
298K_187,1.8,1.8,0,1.8,1.8,1.8,0,1.8,tt_lib,,339.9e-3,274.3e-3,434.3e-3,289.3e-3,eval err,eval err,eval err,eval err,1.8,eval err,eval err,eval err,eval err
298K_188,0,0,1.8,1.8,1.8,1.8,0,1.8,tt_lib,,339.9e-3,274.3e-3,434.8e-3,289.8e-3,eval err,eval err,eval err,eval err,1.8,eval err,eval err,eval err,eval err
298K_189,1.8,0,1.8,1.8,1.8,1.8,0,1.8,tt_lib,,339.9e-3,274.3e-3,435.3e-3,290.3e-3,eval err,eval err,eval err,eval err,1.8,eval err,eval err,eval err,eval err
298K_190,0,1.8,1.8,1.8,1.8,1.8,0,1.8,tt_lib,,339.9e-3,274.3e-3,435.8e-3,290.8e-3,eval err,eval err,eval err,eval err,1.8,eval err,eval err,eval err,eval err
298K_191,1.8,1.8,1.8,1.8,1.8,1.8,0,1.8,tt_lib,,339.9e-3,274.3e-3,436.3e-3,291.3e-3,eval err,eval err,eval err,eval err,1.8,eval err,eval err,eval err,eval err
298K_192,0,0,0,0,0,0,1.8,1.8,tt_lib,,339.9e-3,274.3e-3,436.8e-3,291.8e-3,eval err,eval err,eval err,eval err,0,eval err,eval err,eval err,eval err
298K_193,1.8,0,0,0,0,0,1.8,1.8,tt_lib,,339.9e-3,274.3e-3,437.3e-3,292.3e-3,eval err,eval err,eval err,eval err,0,eval err,eval err,eval err,eval err
298K_194,0,1.8,0,0,0,0,1.8,1.8,tt_lib,,339.9e-3,274.3e-3,437.8e-3,292.8e-3,eval err,eval err,eval err,eval err,0,eval err,eval err,eval err,eval err
298K_195,1.8,1.8,0,0,0,0,1.8,1.8,tt_lib,,339.9e-3,274.3e-3,438.3e-3,293.3e-3,eval err,eval err,eval err,eval err,0,eval err,eval err,eval err,eval err
298K_196,0,0,1.8,0,0,0,1.8,1.8,tt_lib,,339.9e-3,274.3e-3,438.8e-3,293.8e-3,eval err,eval err,eval err,eval err,0,eval err,eval err,eval err,eval err
298K_197,1.8,0,1.8,0,0,0,1.8,1.8,tt_lib,,339.9e-3,274.3e-3,439.3e-3,294.3e-3,eval err,eval err,eval err,eval err,0,eval err,eval err,eval err,eval err
298K_198,0,1.8,1.8,0,0,0,1.8,1.8,tt_lib,,339.9e-3,274.3e-3,439.8e-3,294.8e-3,eval err,eval err,eval err,eval err,0,eval err,eval err,eval err,eval err
298K_199,1.8,1.8,1.8,0,0,0,1.8,1.8,tt_lib,,339.9e-3,274.3e-3,440.3e-3,295.3e-3,eval err,eval err,eval err,eval err,0,eval err,eval err,eval err,eval err
298K_200,0,0,0,1.8,0,0,1.8,1.8,tt_lib,,339.9e-3,274.3e-3,440.8e-3,295.9e-3,eval err,eval err,eval err,eval err,1.8,eval err,eval err,eval err,eval err
298K_201,1.8,0,0,1.8,0,0,1.8,1.8,tt_lib,,339.9e-3,274.3e-3,441.3e-3,296.4e-3,eval err,eval err,eval err,eval err,1.8,eval err,eval err,eval err,eval err
298K_202,0,1.8,0,1.8,0,0,1.8,1.8,tt_lib,,339.9e-3,274.3e-3,441.8e-3,296.9e-3,eval err,eval err,eval err,eval err,1.8,eval err,eval err,eval err,eval err
298K_203,1.8,1.8,0,1.8,0,0,1.8,1.8,tt_lib,,339.9e-3,274.3e-3,442.3e-3,297.4e-3,eval err,eval err,eval err,eval err,1.8,eval err,eval err,eval err,eval err
298K_204,0,0,1.8,1.8,0,0,1.8,1.8,tt_lib,,339.9e-3,274.3e-3,442.8e-3,297.9e-3,eval err,eval err,eval err,eval err,1.8,eval err,eval err,eval err,eval err
298K_205,1.8,0,1.8,1.8,0,0,1.8,1.8,tt_lib,,339.9e-3,274.3e-3,443.3e-3,298.4e-3,eval err,eval err,eval err,eval err,1.8,eval err,eval err,eval err,eval err
298K_206,0,1.8,1.8,1.8,0,0,1.8,1.8,tt_lib,,339.9e-3,274.3e-3,443.8e-3,298.9e-3,eval err,eval err,eval err,eval err,1.8,eval err,eval err,eval err,eval err
298K_207,1.8,1.8,1.8,1.8,0,0,1.8,1.8,tt_lib,,339.9e-3,274.3e-3,444.3e-3,299.4e-3,eval err,eval err,eval err,eval err,1.8,eval err,eval err,eval err,eval err
298K_208,0,0,0,0,1.8,0,1.8,1.8,tt_lib,,339.9e-3,274.3e-3,444.9e-3,299.9e-3,eval err,eval err,eval err,eval err,0,eval err,eval err,eval err,eval err
298K_209,1.8,0,0,0,1.8,0,1.8,1.8,tt_lib,,339.9e-3,274.3e-3,445.4e-3,300.4e-3,eval err,eval err,eval err,eval err,0,eval err,eval err,eval err,eval err
298K_210,0,1.8,0,0,1.8,0,1.8,1.8,tt_lib,,339.9e-3,274.3e-3,445.9e-3,300.9e-3,eval err,eval err,eval err,eval err,0,eval err,eval err,eval err,eval err
298K_211,1.8,1.8,0,0,1.8,0,1.8,1.8,tt_lib,,339.9e-3,274.3e-3,446.4e-3,301.4e-3,eval err,eval err,eval err,eval err,0,eval err,eval err,eval err,eval err
298K_212,0,0,1.8,0,1.8,0,1.8,1.8,tt_lib,,339.9e-3,274.3e-3,446.9e-3,301.9e-3,eval err,eval err,eval err,eval err,0,eval err,eval err,eval err,eval err
298K_213,1.8,0,1.8,0,1.8,0,1.8,1.8,tt_lib,,339.9e-3,274.3e-3,447.4e-3,302.4e-3,eval err,eval err,eval err,eval err,0,eval err,eval err,eval err,eval err
298K_214,0,1.8,1.8,0,1.8,0,1.8,1.8,tt_lib,,339.9e-3,274.3e-3,447.9e-3,302.9e-3,eval err,eval err,eval err,eval err,0,eval err,eval err,eval err,eval err
298K_215,1.8,1.8,1.8,0,1.8,0,1.8,1.8,tt_lib,,339.9e-3,274.3e-3,448.4e-3,303.4e-3,eval err,eval err,eval err,eval err,0,eval err,eval err,eval err,eval err
298K_216,0,0,0,1.8,1.8,0,1.8,1.8,tt_lib,,339.9e-3,274.3e-3,448.9e-3,303.9e-3,eval err,eval err,eval err,eval err,1.8,eval err,eval err,eval err,eval err
298K_217,1.8,0,0,1.8,1.8,0,1.8,1.8,tt_lib,,339.9e-3,274.3e-3,449.4e-3,304.4e-3,eval err,eval err,eval err,eval err,1.8,eval err,eval err,eval err,eval err
298K_218,0,1.8,0,1.8,1.8,0,1.8,1.8,tt_lib,,339.9e-3,274.3e-3,449.9e-3,304.9e-3,eval err,eval err,eval err,eval err,1.8,eval err,eval err,eval err,eval err
298K_219,1.8,1.8,0,1.8,1.8,0,1.8,1.8,tt_lib,,339.9e-3,274.3e-3,450.4e-3,305.4e-3,eval err,eval err,eval err,eval err,1.8,eval err,eval err,eval err,eval err
298K_220,0,0,1.8,1.8,1.8,0,1.8,1.8,tt_lib,,339.9e-3,274.3e-3,450.9e-3,305.9e-3,eval err,eval err,eval err,eval err,1.8,eval err,eval err,eval err,eval err
298K_221,1.8,0,1.8,1.8,1.8,0,1.8,1.8,tt_lib,,339.9e-3,274.3e-3,451.4e-3,306.4e-3,eval err,eval err,eval err,eval err,1.8,eval err,eval err,eval err,eval err
298K_222,0,1.8,1.8,1.8,1.8,0,1.8,1.8,tt_lib,,339.9e-3,274.3e-3,451.9e-3,306.9e-3,eval err,eval err,eval err,eval err,1.8,eval err,eval err,eval err,eval err
298K_223,1.8,1.8,1.8,1.8,1.8,0,1.8,1.8,tt_lib,,339.9e-3,274.3e-3,452.4e-3,307.4e-3,eval err,eval err,eval err,eval err,1.8,eval err,eval err,eval err,eval err
298K_224,0,0,0,0,0,1.8,1.8,1.8,tt_lib,,339.9e-3,274.3e-3,452.9e-3,308e-3,eval err,eval err,eval err,eval err,0,eval err,eval err,eval err,eval err
298K_225,1.8,0,0,0,0,1.8,1.8,1.8,tt_lib,,339.9e-3,274.3e-3,453.4e-3,308.5e-3,eval err,eval err,eval err,eval err,0,eval err,eval err,eval err,eval err
298K_226,0,1.8,0,0,0,1.8,1.8,1.8,tt_lib,,339.9e-3,274.3e-3,453.9e-3,309e-3,eval err,eval err,eval err,eval err,0,eval err,eval err,eval err,eval err
298K_227,1.8,1.8,0,0,0,1.8,1.8,1.8,tt_lib,,339.9e-3,274.3e-3,454.4e-3,309.5e-3,eval err,eval err,eval err,eval err,0,eval err,eval err,eval err,eval err
298K_228,0,0,1.8,0,0,1.8,1.8,1.8,tt_lib,,339.9e-3,274.3e-3,454.9e-3,310e-3,eval err,eval err,eval err,eval err,0,eval err,eval err,eval err,eval err
298K_229,1.8,0,1.8,0,0,1.8,1.8,1.8,tt_lib,,339.9e-3,274.3e-3,455.4e-3,310.5e-3,eval err,eval err,eval err,eval err,0,eval err,eval err,eval err,eval err
298K_230,0,1.8,1.8,0,0,1.8,1.8,1.8,tt_lib,,339.9e-3,274.3e-3,455.9e-3,311e-3,eval err,eval err,eval err,eval err,0,eval err,eval err,eval err,eval err
298K_231,1.8,1.8,1.8,0,0,1.8,1.8,1.8,tt_lib,,339.9e-3,274.3e-3,456.4e-3,311.5e-3,eval err,eval err,eval err,eval err,0,eval err,eval err,eval err,eval err
298K_232,0,0,0,1.8,0,1.8,1.8,1.8,tt_lib,,339.9e-3,274.3e-3,456.9e-3,312e-3,eval err,eval err,eval err,eval err,1.8,eval err,eval err,eval err,eval err
298K_233,1.8,0,0,1.8,0,1.8,1.8,1.8,tt_lib,,339.9e-3,274.3e-3,457.4e-3,312.5e-3,eval err,eval err,eval err,eval err,1.8,eval err,eval err,eval err,eval err
298K_234,0,1.8,0,1.8,0,1.8,1.8,1.8,tt_lib,,339.9e-3,274.3e-3,457.9e-3,313e-3,eval err,eval err,eval err,eval err,1.8,eval err,eval err,eval err,eval err
298K_235,1.8,1.8,0,1.8,0,1.8,1.8,1.8,tt_lib,,339.9e-3,274.3e-3,458.4e-3,313.5e-3,eval err,eval err,eval err,eval err,1.8,eval err,eval err,eval err,eval err
298K_236,0,0,1.8,1.8,0,1.8,1.8,1.8,tt_lib,,339.9e-3,274.3e-3,458.9e-3,314e-3,eval err,eval err,eval err,eval err,1.8,eval err,eval err,eval err,eval err
298K_237,1.8,0,1.8,1.8,0,1.8,1.8,1.8,tt_lib,,339.9e-3,274.3e-3,459.4e-3,314.5e-3,eval err,eval err,eval err,eval err,1.8,eval err,eval err,eval err,eval err
298K_238,0,1.8,1.8,1.8,0,1.8,1.8,1.8,tt_lib,,339.9e-3,274.3e-3,459.9e-3,315e-3,eval err,eval err,eval err,eval err,1.8,eval err,eval err,eval err,eval err
298K_239,1.8,1.8,1.8,1.8,0,1.8,1.8,1.8,tt_lib,,339.9e-3,274.3e-3,460.4e-3,315.5e-3,eval err,eval err,eval err,eval err,1.8,eval err,eval err,eval err,eval err
298K_240,0,0,0,0,1.8,1.8,1.8,1.8,tt_lib,,339.9e-3,274.3e-3,460.9e-3,316e-3,eval err,eval err,eval err,eval err,0,eval err,eval err,eval err,eval err
298K_241,1.8,0,0,0,1.8,1.8,1.8,1.8,tt_lib,,339.9e-3,274.3e-3,461.4e-3,316.5e-3,eval err,eval err,eval err,eval err,0,eval err,eval err,eval err,eval err
298K_242,0,1.8,0,0,1.8,1.8,1.8,1.8,tt_lib,,339.9e-3,274.3e-3,461.9e-3,317e-3,eval err,eval err,eval err,eval err,0,eval err,eval err,eval err,eval err
298K_243,1.8,1.8,0,0,1.8,1.8,1.8,1.8,tt_lib,,339.9e-3,274.3e-3,462.4e-3,317.5e-3,eval err,eval err,eval err,eval err,0,eval err,eval err,eval err,eval err
298K_244,0,0,1.8,0,1.8,1.8,1.8,1.8,tt_lib,,339.9e-3,274.3e-3,462.9e-3,318e-3,eval err,eval err,eval err,eval err,0,eval err,eval err,eval err,eval err
298K_245,1.8,0,1.8,0,1.8,1.8,1.8,1.8,tt_lib,,339.9e-3,274.3e-3,463.4e-3,318.5e-3,eval err,eval err,eval err,eval err,0,eval err,eval err,eval err,eval err
298K_246,0,1.8,1.8,0,1.8,1.8,1.8,1.8,tt_lib,,339.9e-3,274.3e-3,463.9e-3,319e-3,eval err,eval err,eval err,eval err,0,eval err,eval err,eval err,eval err
298K_247,1.8,1.8,1.8,0,1.8,1.8,1.8,1.8,tt_lib,,339.9e-3,274.3e-3,464.4e-3,319.5e-3,eval err,eval err,eval err,eval err,0,eval err,eval err,eval err,eval err
298K_248,0,0,0,1.8,1.8,1.8,1.8,1.8,tt_lib,,339.9e-3,274.3e-3,464.9e-3,320.1e-3,eval err,eval err,eval err,eval err,1.8,eval err,eval err,eval err,eval err
298K_249,1.8,0,0,1.8,1.8,1.8,1.8,1.8,tt_lib,,339.9e-3,274.3e-3,465.4e-3,320.6e-3,eval err,eval err,eval err,eval err,1.8,eval err,eval err,eval err,eval err
298K_250,0,1.8,0,1.8,1.8,1.8,1.8,1.8,tt_lib,,339.9e-3,274.3e-3,465.9e-3,321.1e-3,eval err,eval err,eval err,eval err,1.8,eval err,eval err,eval err,eval err
298K_251,1.8,1.8,0,1.8,1.8,1.8,1.8,1.8,tt_lib,,339.9e-3,274.3e-3,466.4e-3,321.6e-3,eval err,eval err,eval err,eval err,1.8,eval err,eval err,eval err,eval err
298K_252,0,0,1.8,1.8,1.8,1.8,1.8,1.8,tt_lib,,339.9e-3,274.3e-3,466.9e-3,322.1e-3,eval err,eval err,eval err,eval err,1.8,eval err,eval err,eval err,eval err
298K_253,1.8,0,1.8,1.8,1.8,1.8,1.8,1.8,tt_lib,,339.9e-3,274.3e-3,467.4e-3,322.6e-3,eval err,eval err,eval err,eval err,1.8,eval err,eval err,eval err,eval err
298K_254,0,1.8,1.8,1.8,1.8,1.8,1.8,1.8,tt_lib,,339.9e-3,274.3e-3,467.9e-3,323.1e-3,eval err,eval err,eval err,eval err,1.8,eval err,eval err,eval err,eval err
298K_255,1.8,1.8,1.8,1.8,1.8,1.8,1.8,1.8,tt_lib,,339.9e-3,274.3e-3,468.4e-3,323.6e-3,eval err,eval err,eval err,eval err,1.8,eval err,eval err,eval err,eval err
